file,age,pred_age,gap,cam_sign,cam_central_half,gate_central_half,cam_hw
img04027.jpg,19.0,18.12,-0.88,pos,0.489,,16x16
img00310.jpg,22.0,21.37,-0.63,pos,0.434,,16x16
img07291.jpg,29.0,27.97,-1.03,pos,0.476,,16x16
img02279.jpg,35.0,35.0,-0.0,pos,0.724,,16x16
img04145.jpg,36.0,36.26,0.26,pos,0.734,,16x16
img04650.jpg,39.0,40.2,1.2,pos,0.788,,16x16
img13710.jpg,40.0,39.05,-0.95,pos,0.822,,16x16
img04609.jpg,45.0,45.19,0.19,pos,0.344,,16x16
img09964.jpg,48.0,48.52,0.52,pos,0.173,,16x16
img03970.jpg,54.0,54.89,0.89,pos,0.098,,16x16
img00740.jpg,58.0,58.25,0.25,pos,0.112,,16x16
img00590.jpg,59.0,59.33,0.33,pos,0.167,,16x16
img04326.jpg,60.0,60.36,0.36,pos,0.231,,16x16
img05716.jpg,62.0,62.42,0.42,pos,0.182,,16x16
img01179.jpg,69.0,67.57,-1.43,pos,0.129,,16x16
img09508.jpg,71.0,70.75,-0.25,pos,0.338,,16x16
img10288.jpg,72.0,74.24,2.24,pos,0.565,,16x16
img06676.jpg,78.0,76.28,-1.72,pos,0.229,,16x16
img03525.jpg,81.0,88.08,7.08,pos,0.232,,16x16
img00639.jpg,81.0,80.54,-0.46,pos,0.483,,16x16
img01442.jpg,83.0,84.86,1.86,pos,0.4,,16x16
